Name,Album,Artist,PreviewURL,Image,Language,SpotifyURL
Raabta,Agent Vinod,Pritam,null,https://i.scdn.co/image/ab67616d0000b273e810a88d506b30bdc0935247,Hindi,https://open.spotify.com/track/6FjbAnaPRPwiP3sciEYctO
Tum Se Hi,Jab We Met,Pritam,null,https://i.scdn.co/image/ab67616d0000b27352fe6875028c892308ffc2f7,Hindi,https://open.spotify.com/track/7eQl3Yqv35ioqUfveKHitE
"Le Aaunga (From ""Satyaprem Ki Katha"")","Le Aaunga (From ""Satyaprem Ki Katha"")",Tanishk Bagchi,null,https://i.scdn.co/image/ab67616d0000b2732c5e04686b02b8d92c0894ad,Hindi,https://open.spotify.com/track/2cz4qH4fCauVA93JHkUMad
"Jab Tu Sajan (From ""Aap Jaisa Koi"")","Jab Tu Sajan (From ""Aap Jaisa Koi"")",Rochak Kohli,null,https://i.scdn.co/image/ab67616d0000b273003da1c30eae87ca8deafcbd,Hindi,https://open.spotify.com/track/0v716URUxpcG1AhIZmulz7
"Zamaana Lage (From ""Metro ... In Dino"")","Zamaana Lage (From ""Metro ... In Dino"")",Pritam,null,https://i.scdn.co/image/ab67616d0000b2736d73f67ed72ae8eeb251040f,Hindi,https://open.spotify.com/track/76ec1a1bkFfOqoVf6e7nae
"Agar Ho Tum (From ""Mr. And Mrs. Mahi"")","Agar Ho Tum (From ""Mr. And Mrs. Mahi"")",Tanishk Bagchi,null,https://i.scdn.co/image/ab67616d0000b27340bbf387f0a0286354a8dbfa,Hindi,https://open.spotify.com/track/0a17mIL7XTvYqe9mxuPd3y
Dil Jhoom,Gadar 2 (Original Motion Picture Soundtrack),Mithoon,null,https://i.scdn.co/image/ab67616d0000b2737813b389296a4f42219a9795,Hindi,https://open.spotify.com/track/11qnwt18ZckPqchzK2I3U7
"Mann Ye Mera (From ""Metro ... In Dino"")","Mann Ye Mera (From ""Metro ... In Dino"")",Pritam,null,https://i.scdn.co/image/ab67616d0000b2739a5afd03b628b2ba07efdfea,Hindi,https://open.spotify.com/track/1iM0dkfgtTxBi7yQV16pjD
"Aur Mohabbat Kitni Karoon (From ""Metro ... In Dino"")","Aur Mohabbat Kitni Karoon (From ""Metro ... In Dino"")",Pritam,null,https://i.scdn.co/image/ab67616d0000b273114e03dcb192736b33a42cb5,Hindi,https://open.spotify.com/track/3EIMdrD4DstJVklUH9Ai7Y
"Kesariya (From ""Brahmastra"")","Kesariya (From ""Brahmastra"")",Pritam,null,https://i.scdn.co/image/ab67616d0000b273c08202c50371e234d20caf62,Hindi,https://open.spotify.com/track/6VBhH7CyP56BXjp8VsDFPZ
"Koi Naa (From ""Bhool Chuk Maaf"")","Koi Naa (From ""Bhool Chuk Maaf"")",Tanishk Bagchi,null,https://i.scdn.co/image/ab67616d0000b27398afca41c23a0f927ea9e327,Hindi,https://open.spotify.com/track/23UKXgXmLkT0XyPBeKx2gP
Tere Bina,Guru (Original Motion Picture Soundtrack),A.R. Rahman,null,https://i.scdn.co/image/ab67616d0000b2730504fdf58bae8cd52dd13047,Hindi,https://open.spotify.com/track/4FeczSomVWVyU4FW7xDeAI
"Sajni (From ""Laapataa Ladies"")","Sajni (From ""Laapataa Ladies"")",Ram Sampath,null,https://i.scdn.co/image/ab67616d0000b273d5f4378b1ffc9119fdc7306d,Hindi,https://open.spotify.com/track/5zCnGtCl5Ac5zlFHXaZmhy
Zara Sa,Jannat (Original Motion Picture Soundtrack),Pritam,null,https://i.scdn.co/image/ab67616d0000b273727d531901c07a499498c544,Hindi,https://open.spotify.com/track/18YHbIhrleUkKKj2DvEp79
"Ranjha (From ""Shershaah"")","Ranjha (From ""Shershaah"")",Jasleen Royal,null,https://i.scdn.co/image/ab67616d0000b27309426d9ae9d8d981735ebc5e,Hindi,https://open.spotify.com/track/72zHuDxFQTjbL51qJQSA7j
Tere Naina,Chandni Chowk To China,Shankar Mahadevan,null,https://i.scdn.co/image/ab67616d0000b2732e33f85b9e16a0659f3a0539,Hindi,https://open.spotify.com/track/7u5B4ptccyg8T7NPfByhE7
"Naamumkin (From ""Maalik"")","Naamumkin (From ""Maalik"")",Sachin-Jigar,null,https://i.scdn.co/image/ab67616d0000b2730719d6d96e710245f9759e92,Hindi,https://open.spotify.com/track/2dEHuZUBxNoxxGM31WvkOb
"Tu Hain Toh (From ""Mr. And Mrs. Mahi"")",Mr. And Mrs. Mahi (Original Motion Picture Soundtrack),Bunny,null,https://i.scdn.co/image/ab67616d0000b273373b21b6dfdb6cd71e03101f,Hindi,https://open.spotify.com/track/6egfWbtFFhMToV2DvmEzmo
Saibo,Shor in the City (Original Motion Picture Soundtrack),Sachin-Jigar,null,https://i.scdn.co/image/ab67616d0000b2731aac2079e5047e1bfd1b59d9,Hindi,https://open.spotify.com/track/6udC4b4jOSnHb9ItnXgKLR
Jee Le Zaraa,Talaash,Vishal Dadlani,null,https://i.scdn.co/image/ab67616d0000b273e8acd7446270164f4806f9d2,Hindi,https://open.spotify.com/track/2r32XiAWtZbT3eLUvf4pag
"Bolna (From ""Kapoor & Sons (Since 1921)"")","Bolna (From ""Kapoor & Sons (Since 1921)"")",Tanishk Bagchi,null,https://i.scdn.co/image/ab67616d0000b273f03c4d5b0c0669c7e14dfb24,Hindi,https://open.spotify.com/track/3GrCQPpKqKzOcKfMAoqn82
Samjhawan,Humpty Sharma Ki Dulhania (Original Motion Picture Soundtrack),Jawad Ahmad,null,https://i.scdn.co/image/ab67616d0000b273118f1494d8f5ebea6cd5e20d,Hindi,https://open.spotify.com/track/4LO5DjN6Tp3UkUvgESuy2t
Choo Lo,Aalas Ka Pedh,The Local Train,null,https://i.scdn.co/image/ab67616d0000b2738e001d2d4b55039b545d047e,Hindi,https://open.spotify.com/track/0rlLBWFFTQiOWi963SH9bb
"Dil Se Dil Tak (From ""Bawaal"")","Dil Se Dil Tak (From ""Bawaal"")",Akashdeep Sengupta,null,https://i.scdn.co/image/ab67616d0000b273bdbfa224f9c1f5c657c4250e,Hindi,https://open.spotify.com/track/1kTEGyqUJFgstwdgJFLqz1
Chaand Baaliyan,Chaand Baaliyan,Aditya A,null,https://i.scdn.co/image/ab67616d0000b273ec4ecaa0fcf68c0966f21514,Hindi,https://open.spotify.com/track/0snQrp1VaY5Pj1YIHRJpRJ
"Jaanam (From ""Bad Newz"")","Jaanam (From ""Bad Newz"")",Vishal Mishra,null,https://i.scdn.co/image/ab67616d0000b273878a51d67dfc797dea4e92a4,Hindi,https://open.spotify.com/track/7bzR0C8NhnBA79iTXUCJ7o
Kyon,Barfi! (Original Motion Picture Soundtrack),Pritam,null,https://i.scdn.co/image/ab67616d0000b273352f44aed6f226c6ea28b961,Hindi,https://open.spotify.com/track/1sYC1fG7s4p0pTykrJqmgW
Husn,Husn,Anuv Jain,null,https://i.scdn.co/image/ab67616d0000b2730d3449f333a83a25feb423f8,Hindi,https://open.spotify.com/track/0TL0LFcwIBF5eX7arDIKxY
Dil Diyan Gallan,Tiger Zinda Hai,Vishal-Shekhar,null,https://i.scdn.co/image/ab67616d0000b273576521b1bf3ec2fd7fdfcbd5,Hindi,https://open.spotify.com/track/5MnAi6ZF7cE8pAz7wYr9Ta
Heeriye (feat. Arijit Singh),Heeriye (feat. Arijit Singh),Jasleen Royal,null,https://i.scdn.co/image/ab67616d0000b2734a60872ae145776164540a7f,Hindi,https://open.spotify.com/track/5PUXKVVVQ74C3gl5vKy9Li
Pal,Jalebi (Original Motion Picture Soundtrack),Javed-Mohsin,null,https://i.scdn.co/image/ab67616d0000b2736af2f730852f39102910f7d7,Hindi,https://open.spotify.com/track/3vPN9oPSHUIj1gOzm0haUC
"Iktara (From ""Wake Up Sid"")",I Love You...Forever,Amit Trivedi,null,https://i.scdn.co/image/ab67616d0000b273771fb1d215bd06a944049e10,Hindi,https://open.spotify.com/track/0bmp0lE3ArELHqda9PBMVG
Subhanallah,Yeh Jawaani Hai Deewani,Pritam,null,https://i.scdn.co/image/ab67616d0000b273707ea5b8023ac77d31756ed4,Hindi,https://open.spotify.com/track/0GQngE2rOYvlKwEQjTAsP8
"Tere Hawaale (From ""Laal Singh Chaddha"")","Tere Hawaale (From ""Laal Singh Chaddha"")",Pritam,null,https://i.scdn.co/image/ab67616d0000b273336a3ce27714f4f4999da39d,Hindi,https://open.spotify.com/track/4blqlsA1uf2d2I40E90EUC
Maiyya Mainu,Jersey (Original Motion Picture Soundtrack),Sachet Tandon,null,https://i.scdn.co/image/ab67616d0000b273cce734a98bcb8670fd0db8de,Hindi,https://open.spotify.com/track/3ygfdwvBJ2Y5XhJiiHFFZE
Be Intehaan,Race 2 (Original Motion Picture Soundtrack),Atif Aslam,null,https://i.scdn.co/image/ab67616d0000b2730df18810131fd56a87a5fc7a,Hindi,https://open.spotify.com/track/6g0HHWLJwfe2PlbgHi8pBj
Mehrama,Love Aaj Kal (Original Motion Picture Soundtrack),Pritam,null,https://i.scdn.co/image/ab67616d0000b273095191f6b96fd9eff585befc,Hindi,https://open.spotify.com/track/6cUOiOY5qh2FpIQWIYAd2h
"O Maahi (From ""Dunki"")","O Maahi (From ""Dunki"")",Pritam,null,https://i.scdn.co/image/ab67616d0000b2737506d87e6489c5a93c042523,Hindi,https://open.spotify.com/track/0qQ4IdhjzNr0gJhdMTf2n3
"Tose Naina (From ""Mickey Virus)",Love Dose Arijit Singh,Arijit Singh,null,https://i.scdn.co/image/ab67616d0000b2732d2263486e48ab1b41ae2466,Hindi,https://open.spotify.com/track/2fMlezwwP5Hr1UwuAknN4o
Phir Le Aya Dil - Reprise,Barfi! (Original Motion Picture Soundtrack),Pritam,null,https://i.scdn.co/image/ab67616d0000b273352f44aed6f226c6ea28b961,Hindi,https://open.spotify.com/track/7fpWJr5shT90KiCHXKHxch
Tune Jo Na Kaha,New York,Pritam,null,https://i.scdn.co/image/ab67616d0000b273d567bc615d8d891d112c8a35,Hindi,https://open.spotify.com/track/0pw3p4gf5homOkvOGOJulF
Tera Hone Laga Hoon (Lofi Mix),Tera Hone Laga Hoon (Lofi Mix),Atif Aslam,null,https://i.scdn.co/image/ab67616d0000b273b872568c31568a573b65cc3d,Hindi,https://open.spotify.com/track/6PEKFVQUBEY2zQEE7bYEpF
Shayad,Love Aaj Kal (Original Motion Picture Soundtrack),Pritam,null,https://i.scdn.co/image/ab67616d0000b273095191f6b96fd9eff585befc,Hindi,https://open.spotify.com/track/1smFN2CLqGROu0J0UyvDfL
O Saathi,"O Saathi (From ""Baaghi 2"")",Atif Aslam,null,https://i.scdn.co/image/ab67616d0000b2733b7ae221866b5e81daf4483f,Hindi,https://open.spotify.com/track/6fScgF2Y63ScU73nYju0ny
"Tere Bin (From ""Simmba"")","Tere Bin (From ""Simmba"")",Rahat Fateh Ali Khan,null,https://i.scdn.co/image/ab67616d0000b273a44243531404997d687bb415,Hindi,https://open.spotify.com/track/4f5kLqyOJ5ZPnalEVMQrB2
Maula Mere Maula,Anwar (Original Motion Picture Soundtrack),Roop Kumar Rathod,null,https://i.scdn.co/image/ab67616d0000b27336163aa83c42e72684a53287,Hindi,https://open.spotify.com/track/5KNuHsIeFtD0oukst77hBi
Kasoor,Kasoor,Prateek Kuhad,null,https://i.scdn.co/image/ab67616d0000b273ae7abe97f7020d657e87bbec,Hindi,https://open.spotify.com/track/08kTa3SL9sV6Iy8KLKtGql
Baarishein,Baarishein,Anuv Jain,null,https://i.scdn.co/image/ab67616d0000b273d8ca783fa570b57e082f4374,Hindi,https://open.spotify.com/track/3WLJ7D5kh44K5eJ1NqZQ6W
Te Amo (Duet),Dum Maaro Dum,Pritam,null,https://i.scdn.co/image/ab67616d0000b273e39388ba8eadf58476135087,Hindi,https://open.spotify.com/track/3x55c9UVpbURc2T02DLfEM
Kyun Main Jaagoon,Patiala House,Shafqat Amanat Ali,null,https://i.scdn.co/image/ab67616d0000b273086334217996ebabea5bef33,Hindi,https://open.spotify.com/track/6wsMVa2M6Ktea2UbnVoMvO
"Dil Jhoom (From ""Crakk - Jeetegaa Toh Jiyegaa"")","Dil Jhoom (From ""Crakk - Jeetegaa Toh Jiyegaa"")",Tanishk Bagchi,null,https://i.scdn.co/image/ab67616d0000b273cfdb10e5fd7de0021a09a183,Hindi,https://open.spotify.com/track/53QgDRc1bPL1Kke1GemgaE
Pehli Dafa,Pehli Dafa,Atif Aslam,null,https://i.scdn.co/image/ab67616d0000b273afd2bc3f876235be94c0d36d,Hindi,https://open.spotify.com/track/4Tkb7zsDmsawB7S5TpKQV1
O Re Piya,Aaja Nachle,Salim–Sulaiman,null,https://i.scdn.co/image/ab67616d0000b273108d10d84153ff78d2197f62,Hindi,https://open.spotify.com/track/7cWnks0lsRtpAi87COOiXK
Rabba,Heropanti,Mohit Chauhan,null,https://i.scdn.co/image/ab67616d0000b2732317f776cff461790cba7222,Hindi,https://open.spotify.com/track/5jOHD4c6UayVZn9Xm7IvyO
Aaoge Jab Tum,Jab We Met,Rashid Khan,null,https://i.scdn.co/image/ab67616d0000b27352fe6875028c892308ffc2f7,Hindi,https://open.spotify.com/track/3fWMFwaJil8fD14JCgwbcL
Chidiya,Chidiya,Vilen,null,https://i.scdn.co/image/ab67616d0000b273e1b3131b1ac50e16eb621103,Hindi,https://open.spotify.com/track/7mNZUnDWUDidWBFaUpVtOC
Main Rahoon Ya Na Rahoon,Main Rahoon Ya Na Rahoon,Amaal Mallik,null,https://i.scdn.co/image/ab67616d0000b273899494fd2fbd757674459af3,Hindi,https://open.spotify.com/track/6f3ANRNQ8nCiPZ6VqXqq93
Tum Jo Aaye,Once Upon A Time In Mumbaai,Pritam,null,https://i.scdn.co/image/ab67616d0000b273df934f4de5f8dd46f8d75f5f,Hindi,https://open.spotify.com/track/2iZeKe5avjtKVmjfSFkpxd
Hawayein,Jab Harry Met Sejal (Original Motion Picture Soundtrack),Pritam,null,https://i.scdn.co/image/ab67616d0000b273a08a13555e245f7f11aba13f,Hindi,https://open.spotify.com/track/0l6g8Z8mqGbGXFOjigYetD
Khairiyat,Chhichhore,Pritam,null,https://i.scdn.co/image/ab67616d0000b273eaa6b4bfb5954ee5a5a8ce9e,Hindi,https://open.spotify.com/track/5O932cZmzOZGOGZz9RHx20
Pani da Rang (Male),Putumayo Presents Indian Groove,Ayushmann Khurrana,null,https://i.scdn.co/image/ab67616d0000b273cdcf39be66d8b60a09d2bfe0,Hindi,https://open.spotify.com/track/0ce9G1z2SstCXHJ9gTg6PB
Pehla Pyaar,Kabir Singh,Armaan Malik,null,https://i.scdn.co/image/ab67616d0000b273c5545f737b16ad5ee767b62a,Hindi,https://open.spotify.com/track/0ojpEubhy4JNeVftmVuiN7
"Jab Tak (From ""M.S.Dhoni - The Untold Story"")",2016 Shining Star - Armaan Malik,Armaan Malik,null,https://i.scdn.co/image/ab67616d0000b273f4e88554baba207fc6878ab5,Hindi,https://open.spotify.com/track/6tkl6rjuXWtVOCaXSSSCz2
"Bawara Mann (From ""Jolly Ll.B 2"")",Romantic Hits By Jubin Nautiyal,Jubin Nautiyal,null,https://i.scdn.co/image/ab67616d0000b273712d7cc771c2d47f96be938c,Hindi,https://open.spotify.com/track/4gkqGoKI311ayrtcvYaFTz
Luka Chuppi,Rang De Basanti (Original Motion Picture Soundtrack),A.R. Rahman,null,https://i.scdn.co/image/ab67616d0000b273a58a09b161c806587fe97b6e,Hindi,https://open.spotify.com/track/500H9ENeR5AYbKU1ScK6ME
Bhar Do Jholi Meri,Bajrangi Bhaijaan,Pritam,null,https://i.scdn.co/image/ab67616d0000b273e7f1ff44b74df429307f4164,Hindi,https://open.spotify.com/track/52qnHAlqWpo3kgEteAPjRf
Krishna Theme (Flute),Oh My God,Paras Nath,null,https://i.scdn.co/image/ab67616d0000b273cae8942a913237e3839b37b4,Hindi,https://open.spotify.com/track/6SeGCrn4WCKigFotOvSBka
"Raat Akeli Thi (From ""Merry Christmas"")","Raat Akeli Thi (From ""Merry Christmas"")",Pritam,null,https://i.scdn.co/image/ab67616d0000b2731845cd424cd4ff937e0ff3a2,Hindi,https://open.spotify.com/track/4sKISeqmcPixT0rim339VH
Toh Phir Aao,Awarapan (Original Motion Picture Soundtrack),Mustafa Zahid,null,https://i.scdn.co/image/ab67616d0000b27352a95a0cf2eae6a2b3b1f87d,Hindi,https://open.spotify.com/track/4chxJYv0qsOKQukt6cKp97
Bin Tere,I Hate Luv Storys (Original Motion Picture Soundtrack),Vishal-Shekhar,null,https://i.scdn.co/image/ab67616d0000b2731992dd7b33baf5887ea4a1ec,Hindi,https://open.spotify.com/track/3bZPdEskcnMdepwCaDSJRl
Manwa Laage,Happy New Year,Shreya Ghoshal,null,https://i.scdn.co/image/ab67616d0000b273295f7adceff63a32bbcf95f2,Hindi,https://open.spotify.com/track/3H43T5swYywvcdCBFiDgW6
Zara Zara,Rehnaa Hai Terre Dil Mein,Bombay Jayashri,null,https://i.scdn.co/image/ab67616d0000b273aedf6f748f73e59cf25bcf25,Hindi,https://open.spotify.com/track/7wrYBASu0OoxoDErd4Edxd
Iktara,Wake Up Sid (Original Motion Picture Soundtrack),Amit Trivedi,null,https://i.scdn.co/image/ab67616d0000b27302ef23e492fb485d08068845,Hindi,https://open.spotify.com/track/3jtKSUiVDowKNBqVQbWaig
"Dil Ko Karaar Aaya (From ""Sukoon"")","Dil Ko Karaar Aaya (From ""Sukoon"")",Rajat Nagpal,null,https://i.scdn.co/image/ab67616d0000b2739acc843616b7226a85f201db,Hindi,https://open.spotify.com/track/5urYiIXu1ZhfMAOsp7WDTc
Pee Loon,Once Upon A Time In Mumbaai,Pritam,null,https://i.scdn.co/image/ab67616d0000b273df934f4de5f8dd46f8d75f5f,Hindi,https://open.spotify.com/track/52itZ0w0CydihB2JCZEIft
Bulleya,Sultan,Vishal-Shekhar,null,https://i.scdn.co/image/ab67616d0000b273b2abfd2439b6c23c3664df87,Hindi,https://open.spotify.com/track/3tgdOveYac7YMEAQD9sGLf
O Ri Chiraiya,Yaariyan 2 Motion Picture Soundtrack,Ram Sampath,null,https://i.scdn.co/image/ab67616d0000b2735fa025c95aa952bf611d545b,Hindi,https://open.spotify.com/track/60d8xZS908s2J5RwMMRhcT
Maahi Ve,Highway,A.R. Rahman,null,https://i.scdn.co/image/ab67616d0000b2731f4e9ecaf6913e207810093f,Hindi,https://open.spotify.com/track/1sbW5E7w8tnqpYk0Frx8QG
Noor E Khuda,My Name Is Khan (Original Motion Picture Soundtrack),Shankar-Ehsaan-Loy,null,https://i.scdn.co/image/ab67616d0000b2730b7a25dad85eb88ffb5f942d,Hindi,https://open.spotify.com/track/55fSZWdcvMPJga3LbiV8jN
Aas Paas Khuda,Anjaana Anjaani,Vishal-Shekhar,null,https://i.scdn.co/image/ab67616d0000b2731da0a37c5bad81580d49ef05,Hindi,https://open.spotify.com/track/3kuxr8U3QynLzyW82p5hYR
Sooiyan,Guddu Rangeela,Amit Trivedi,null,https://i.scdn.co/image/ab67616d0000b2738c4fc63bb376d0d3d2b45391,Hindi,https://open.spotify.com/track/6OTfUkn4BwQtSnWvwO9vyR
Saiyyan,Jhoomo Re,Kailash Kher,null,https://i.scdn.co/image/ab67616d0000b273cd3f6c3c2f2aa9b76fe635b1,Hindi,https://open.spotify.com/track/2vR23BjIzpLMtzsyKrM6Mb
Tujh Mein Rab Dikhta Hai,Rab Ne Bana Di Jodi,Salim–Sulaiman,null,https://i.scdn.co/image/ab67616d0000b2731555fec10000486f9331fbc8,Hindi,https://open.spotify.com/track/2LcXJP95e4HKydTZ2mYfrx
Mast Magan,2 States,Arijit Singh,null,https://i.scdn.co/image/ab67616d0000b273c7b8d39b1e113845906984ab,Hindi,https://open.spotify.com/track/3uL1IBFhg52VcQqOwAG01E
Zehnaseeb,Hasee Toh Phasee (Original Motion Picture Soundtrack),Vishal-Shekhar,null,https://i.scdn.co/image/ab67616d0000b2732025db071cd9dd7e8023e01e,Hindi,https://open.spotify.com/track/3xF15SqY32Mno3UUMBirhU
Jiyein Kyun,Dum Maaro Dum,Pritam,null,https://i.scdn.co/image/ab67616d0000b273e39388ba8eadf58476135087,Hindi,https://open.spotify.com/track/0up9rhm9qt2LW7cnoDFCMk
Moh Moh Ke Dhaage (Male),Dum Laga Ke Haisha,Anu Malik,null,https://i.scdn.co/image/ab67616d0000b2738505999314c197a269c4d9bc,Hindi,https://open.spotify.com/track/189DQylImZ1hGZaIpAQUzx
"Tujhe Kitna Chahne Lage (From ""Kabir Singh"")","Tujhe Kitna Chahne Lage (From ""Kabir Singh"")",Arijit Singh,null,https://i.scdn.co/image/ab67616d0000b273ba03ff79dad25f7c3542382f,Hindi,https://open.spotify.com/track/2Fv2injs4qAm8mJBGaxVKU
Maya,Maya,Ayush Gauchan,null,https://i.scdn.co/image/ab67616d0000b273e103602d02f64d252bc95564,Nepali,https://open.spotify.com/track/2iCvfpD5hEzLeqEbsXhXVQ
Batash,Batash,Shashwot Khadka,null,https://i.scdn.co/image/ab67616d0000b27315ea7cd8702ffb6f99183a84,Nepali,https://open.spotify.com/track/7pXrpIYyO9Esxf17KtFFyW
Timi Sangai,Timi Sangai,Apurva Tamang,null,https://i.scdn.co/image/ab67616d0000b27337c197de2490a9c9b6ef166f,Nepali,https://open.spotify.com/track/3CV247i47dzbOrrn4DXzUg
Risaune Bhaye,Risaune Bhaye,Sushant KC,null,https://i.scdn.co/image/ab67616d0000b273f74308b91630e9669c2f8f66,Nepali,https://open.spotify.com/track/5DRxbKcBMgMT4nR8eMBjgR
Sasto Mutu,Sasto Mutu,Sajjan Raj Vaidya,null,https://i.scdn.co/image/ab67616d0000b2739c6e41236e9710de4e358ff8,Nepali,https://open.spotify.com/track/4iHcmWi4kGGNCEk44ZIXIc
Sarangi,Sarangi,Sushant KC,null,https://i.scdn.co/image/ab67616d0000b273ddf77408407aee1559197962,Nepali,https://open.spotify.com/track/0pYMa1j9R24qW50J4yc0X3
Mooskaan,Mooskaan,Sajjan Raj Vaidya,null,https://i.scdn.co/image/ab67616d0000b27360209e39f19991a7b1b58c29,Nepali,https://open.spotify.com/track/6quygE0BQuMUY861Crte1N
Phutki Jaaney Jovan,Phutki Jaaney Jovan,Sajjan Raj Vaidya,null,https://i.scdn.co/image/ab67616d0000b2739fb8b0c8fa745976c8f7f76c,Nepali,https://open.spotify.com/track/12b3bKEbdjtL1Ga0n3ybzK
Chitthi Bhitra,Chitthi Bhitra,Sajjan Raj Vaidya,null,https://i.scdn.co/image/ab67616d0000b273fe824ddbaa151e81cb04bea0,Nepali,https://open.spotify.com/track/6XPLnH0wby09UGaJYtv4NT
Sadhana,Sadhana,John Rai,null,https://i.scdn.co/image/ab67616d0000b27351d21f485346cde52cae901f,Nepali,https://open.spotify.com/track/3HqsyASz8AmUqqRzZBU1af
Suna Kaanchi,Suna Kaanchi,Sajjan Raj Vaidya,null,https://i.scdn.co/image/ab67616d0000b273526ed0c0d1ce4f23f7c53d23,Nepali,https://open.spotify.com/track/2PUAaqMu3nSSk8XFO1xUFZ
Laakhau Hajarau,Laakhau Hajarau,Yabesh Thapa,null,https://i.scdn.co/image/ab67616d0000b27340b0f57a4e93e6ba5ba50c21,Nepali,https://open.spotify.com/track/7FmmE8lJwwX61kVB3xU0vb
Mann Ka Bhawana,Mann Ka Bhawana,Apurva Tamang,null,https://i.scdn.co/image/ab67616d0000b27353051d83091af6bf5fd6dc9b,Nepali,https://open.spotify.com/track/0Wv3F9mVrZIoVnoj3DFeJi
Syndicate,Syndicate - Single,Bipul Chettri,null,https://i.scdn.co/image/ab67616d0000b273f353571ce4e3c1a96c84afe7,Nepali,https://open.spotify.com/track/19sHKgWrbZekv5HISKzCb0
Birsiney Hau Ki,Birsiney Hau Ki,The Elements,null,https://i.scdn.co/image/ab67616d0000b273b4e65dbf74fe87c48186c595,Nepali,https://open.spotify.com/track/0Ley2dKfWsTgMEZGES12Ep
Bhikhaari,Bhikhaari,Oasis Thapa,null,https://i.scdn.co/image/ab67616d0000b27306940cc1ebb19cf20b5e45b0,Nepali,https://open.spotify.com/track/606UwPF1MMoE220tv9ITut
Gajalu,Gajalu,Sushant KC,null,https://i.scdn.co/image/ab67616d0000b273b850213fc686ed8a2d8e3f41,Nepali,https://open.spotify.com/track/1rdEAQXWUTLSK2uiFrwyW3
Hawa Jastai (Raw),Hawa Jastai (Raw),John Rai,null,https://i.scdn.co/image/ab67616d0000b2739473c582152847289b33c079,Nepali,https://open.spotify.com/track/3bFZlbgCRKxbjkMcaypmsO
Sunideu,Sunideu,Apurva Tamang,null,https://i.scdn.co/image/ab67616d0000b2732ba07b12cabf5df7ccdd2c80,Nepali,https://open.spotify.com/track/3VFXOfNBG6hPk2VpT9yrlU
Manaka kura,Manaka kura,Purna Rai,null,https://i.scdn.co/image/ab67616d0000b273565d1079434e0e35fc8d5e04,Nepali,https://open.spotify.com/track/756Ghs7RyyVBSURU9i2IT5
Rang,Rang,Brijesh Shrestha,null,https://i.scdn.co/image/ab67616d0000b273e7d4cd2cc7ce5edcf610e8a9,Nepali,https://open.spotify.com/track/4kDI4QJcSYPnIDwf69hX3W
Nacha Firiri,Maya Maya,Fisha,null,https://i.scdn.co/image/ab67616d0000b273588d733ca57c49cd8fb213ce,Nepali,https://open.spotify.com/track/6LqUAMZUbVBnI2gsLJiQDH
Muskurayera,Maya Ma (2018 Compilation),Sushant KC,null,https://i.scdn.co/image/ab67616d0000b2730451af1e5996228aeb7ca3dd,Nepali,https://open.spotify.com/track/3gEXozdAKhOArKGMfW0m5W
Maya Ma,Maya Ma (2018 Compilation),Sushant KC,null,https://i.scdn.co/image/ab67616d0000b2730451af1e5996228aeb7ca3dd,Nepali,https://open.spotify.com/track/7cKpWhrEnnqn5iaYvllaf9
Hawaijahaj,Sajjan Raj Vaidya 2016 Releases,Sajjan Raj Vaidya,null,https://i.scdn.co/image/ab67616d0000b27363ab3d245ef5f337843d1634,Nepali,https://open.spotify.com/track/5PGtbjfmWEfKkj2XrYNSSo
K Garu,K Garu,John Rai,null,https://i.scdn.co/image/ab67616d0000b2731f09304d863499bede989947,Nepali,https://open.spotify.com/track/24w2kgWQxQEaSygwH4L4TN
Ujeli,Ujeli,Sajjan Raj Vaidya,null,https://i.scdn.co/image/ab67616d0000b273bb01c42af981174da6db4436,Nepali,https://open.spotify.com/track/1cY8DmEeV6gkbxFazKmsSN
Mayalu,Mayalu,Vek,null,https://i.scdn.co/image/ab67616d0000b2734ccaeba1bbdcc4e214ae8e92,Nepali,https://open.spotify.com/track/7lLeoZv3rPnfbh9AsJDJWq
Furfuri,Furfuri,Kuma Sagar,null,https://i.scdn.co/image/ab67616d0000b273904dec6891df07dd2ed2e584,Nepali,https://open.spotify.com/track/5UoeA3LRvyezP2zQeqxZt2
A Mai Re,A Mai Re,Kuma Sagar,null,https://i.scdn.co/image/ab67616d0000b2731b81634d42a907f2ece8fcd0,Nepali,https://open.spotify.com/track/6Tauq9VGQqPEE0oENJDGBo
9841,9841,Sajjan Raj Vaidya,null,https://i.scdn.co/image/ab67616d0000b273d3c8360591752e3adb54a307,Nepali,https://open.spotify.com/track/55xxtb3HZ0jDYEBLPYaJrs
Nihita,Nihita,John Rai,null,https://i.scdn.co/image/ab67616d0000b27311930809bbc858da89a09d17,Nepali,https://open.spotify.com/track/4R1qVY47RH97zjKIBQRNnq
Sparsha Sangeet (Raw),Sparsha Sangeet (Raw),Purna Rai,null,https://i.scdn.co/image/ab67616d0000b2737c634df4574cc35103dcb05f,Nepali,https://open.spotify.com/track/0jDqlKhZ43Yor5qbdJnwDu
Sahara,Sahara,Tribal Rain,null,https://i.scdn.co/image/ab67616d0000b273167b3b064eb55c8cbfb9c368,Nepali,https://open.spotify.com/track/0ACueZ38Jg9EboWOFOVlZQ
Kasari,Kasari,Yabesh Thapa,null,https://i.scdn.co/image/ab67616d0000b273d68f0d21c885b641d9c8a170,Nepali,https://open.spotify.com/track/2rXfg1yLOb8tKgSM7Xj5UH
Ae Mutu,Ae Mutu,Yabesh Thapa,null,https://i.scdn.co/image/ab67616d0000b273ded3dbe3a36179504198e30a,Nepali,https://open.spotify.com/track/0oLlykxJddGnu0eLel4JuO
Vanana Matra,Vanana Matra,John Rai,null,https://i.scdn.co/image/ab67616d0000b273214246fd9c8c8119b8e8c7e6,Nepali,https://open.spotify.com/track/08HiOcH8mxRL2w91HgUnyM
Narisawna,Roka Yo Samay,Tribal Rain,null,https://i.scdn.co/image/ab67616d0000b273698de3a9f0f9794f7760ac7d,Nepali,https://open.spotify.com/track/7pNzZIVe1aTino5pgfQtlg
Dandelions,Safe Haven,Ruth B.,null,https://i.scdn.co/image/ab67616d0000b27397e971f3e53475091dc8d707,English,https://open.spotify.com/track/2eAvDnpXP5W0cVtiI0PUxV
Strawberries & Cigarettes,Strawberries & Cigarettes,Troye Sivan,null,https://i.scdn.co/image/ab67616d0000b273c9eb4c87e1d7f5353908b712,English,https://open.spotify.com/track/3afkJSKX0EAMsJXTZnDXXJ
Perfect,÷ (Deluxe),Ed Sheeran,null,https://i.scdn.co/image/ab67616d0000b273ba5db46f4b838ef6027e6f96,English,https://open.spotify.com/track/0tgVpDi06FyKpA1z0VMD4v
In The Stars,In The Stars,Benson Boone,null,https://i.scdn.co/image/ab67616d0000b2730e6b6868e920743f7f4061c4,English,https://open.spotify.com/track/1ei3hzQmrgealgRKFxIcWn
Princesses Don't Cry,Princesses Don't Cry,CARYS,null,https://i.scdn.co/image/ab67616d0000b2735727bed9850f6d602cd16495,English,https://open.spotify.com/track/07squf0xpI7hHUwZ4hezKP
Dancing With Your Ghost,Dancing With Your Ghost,Sasha Alex Sloan,null,https://i.scdn.co/image/ab67616d0000b273141cf717cd3993690358a60c,English,https://open.spotify.com/track/1TQXIltqoZ5XXyfCbAeSQQ
happier,SOUR,Olivia Rodrigo,null,https://i.scdn.co/image/ab67616d0000b273a91c10fe9472d9bd89802e5a,English,https://open.spotify.com/track/2tGvwE8GcFKwNdAXMnlbfl
Wildest Dreams,1989,Taylor Swift,null,https://i.scdn.co/image/ab67616d0000b273b7e976d2b35c767f9012cb72,English,https://open.spotify.com/track/3fVnlF4pGqWI9flVENcT28
Arcade,Small Town Boy (Track By Track),Duncan Laurence,null,https://i.scdn.co/image/ab67616d0000b27359ce61a220822995a3ccd27f,English,https://open.spotify.com/track/1J14CdDAvBTE1AJYUOwl6C
Infinity,Feel Something,Jaymes Young,null,https://i.scdn.co/image/ab67616d0000b273a9897f65d1ead1be10a51e3f,English,https://open.spotify.com/track/1SOClUWhOi8vHZYMz3GluK
a thousand years,a thousand years,Christina Perri,null,https://i.scdn.co/image/ab67616d0000b2733dea4a2ccd58ad1f8e4dbb03,English,https://open.spotify.com/track/6lanRgr6wXibZr8KgzXxBl
traitor,SOUR,Olivia Rodrigo,null,https://i.scdn.co/image/ab67616d0000b273a91c10fe9472d9bd89802e5a,English,https://open.spotify.com/track/5CZ40GBx1sQ9agT82CLQCT
Moral of the Story,Ashlyn,Ashe,null,https://i.scdn.co/image/ab67616d0000b273639c6811b5d0c6cfb145de3a,English,https://open.spotify.com/track/69HzZ3ti9DLwb0GdWCGYSo
Heart Attack,Demi,Demi Lovato,null,https://i.scdn.co/image/ab67616d0000b273aadb13ae608f6af20528409b,English,https://open.spotify.com/track/1V6gIisPpYqgFeWbMLI0bA
Talking to the Moon,Doo-Wops & Hooligans,Bruno Mars,null,https://i.scdn.co/image/ab67616d0000b273f6b55ca93bd33211227b502b,English,https://open.spotify.com/track/161DnLWsx1i3u1JT05lzqU
Runaway,All My Demons Greeting Me As A Friend (Deluxe),AURORA,null,https://i.scdn.co/image/ab67616d0000b273c379325088c2845fe85cd70a,English,https://open.spotify.com/track/1v1oIWf2Xgh54kIWuKsDf6
Hurts So Good,Leave It Beautiful (Complete),Astrid S,null,https://i.scdn.co/image/ab67616d0000b273d1bc0ae272f8d507108b683e,English,https://open.spotify.com/track/46u5B2WN4wryYLZuMAOmI4
Paper Rings,Lover,Taylor Swift,null,https://i.scdn.co/image/ab67616d0000b273e787cffec20aa2a396a61647,English,https://open.spotify.com/track/4y5bvROuBDPr5fuwXbIBZR
Angel Baby,Angel Baby,Troye Sivan,null,https://i.scdn.co/image/ab67616d0000b2735cf05521594fbf41d2a48893,English,https://open.spotify.com/track/2m6Ko3CY1qXNNja8AlugNc
hate u love u,hate u love u,Olivia O'Brien,null,https://i.scdn.co/image/ab67616d0000b273f9a776c0d4ec78052c92882b,English,https://open.spotify.com/track/6ATgDc6e4sPn84hvJsAmPt
I Like Me Better,I met you when I was 18. (the playlist),Lauv,null,https://i.scdn.co/image/ab67616d0000b273bdea30b86b37142ec99deb78,English,https://open.spotify.com/track/0EcQcdcbQeVJn9fknj44Be
Love Me Like You Do,恋したくなるラブソング,Ellie Goulding,null,https://i.scdn.co/image/ab67616d0000b273859f6d4f9e5f6b67fdbc85b6,English,https://open.spotify.com/track/4Wui4miiL1JR3QqWcbcKwD
"Alone, Pt. II",World Of Walker,Alan Walker,null,https://i.scdn.co/image/ab67616d0000b273df9a35baaa98675256b35177,English,https://open.spotify.com/track/28VbwtsYnj85UEODGpQRem
I'm a Mess,Expectations,Bebe Rexha,null,https://i.scdn.co/image/ab67616d0000b27361fe6d3a50c0beaa3cfe33e9,English,https://open.spotify.com/track/04ZTP5KsCypmtCmQg5tH9R
Love Is Gone,Thrive,SLANDER,null,https://i.scdn.co/image/ab67616d0000b27361459765143591a20c154b1a,English,https://open.spotify.com/track/6HfZTdkheqDGQQwQGRV8et
Someone You Loved,Divinely Uninspired To A Hellish Extent,Lewis Capaldi,null,https://i.scdn.co/image/ab67616d0000b273fc2101e6889d6ce9025f85f2,English,https://open.spotify.com/track/7qEHsqek33rTcFNT9PFqLf
It's You,YOU,Ali Gatie,null,https://i.scdn.co/image/ab67616d0000b27350a744f0ef5c3e260d9de720,English,https://open.spotify.com/track/5DqdesEfbRyOlSS3Tf6c29
Can We Kiss Forever?,Can We Kiss Forever?,Kina,null,https://i.scdn.co/image/ab67616d0000b27313584782bb6d165483d296ed,English,https://open.spotify.com/track/58wyJLv6yH1La9NIZPl3ne
Ghost Town,Ghost Town,Benson Boone,null,https://i.scdn.co/image/ab67616d0000b273351638732d4bd958ae567ebc,English,https://open.spotify.com/track/135Lf4Q0CzlMNfOxbEUsLH
Pretty Girl,Pretty Girl,Maggie Lindemann,null,https://i.scdn.co/image/ab67616d0000b27314927ea8cabd02205c056870,English,https://open.spotify.com/track/1ue7zm5TVVvmoQV8lK6K2H
Happier,÷ (Deluxe),Ed Sheeran,null,https://i.scdn.co/image/ab67616d0000b273ba5db46f4b838ef6027e6f96,English,https://open.spotify.com/track/2RttW7RAu5nOAfq6YFvApB
Man Udhan Varyache,Mazi Gaani - Ajay-Atul,Shankar Mahadevan,null,https://i.scdn.co/image/ab67616d0000b2735324eda668cdd606ed028b68,English,https://open.spotify.com/track/52P5qoJPnEAfR1eUcpMjly
